wiki,title,category,owner_team
enwiki,Unilever,own_brand,corporate-comms
enwiki,Dove (Unilever brand),product,product-comms
enwiki,Axe (brand),product,product-comms
enwiki,Ben & Jerry's,product,product-comms
enwiki,Hellmann's and Best Foods,product,product-comms
enwiki,Knorr (brand),product,product-comms
enwiki,Vaseline,product,product-comms
enwiki,Rexona,product,product-comms
enwiki,Sunsilk,product,product-comms
enwiki,Lifebuoy (soap),product,product-comms
enwiki,Surf (detergent),product,product-comms
enwiki,Domestos,product,product-comms
enwiki,Marmite,product,product-comms
enwiki,Pond's,product,product-comms
enwiki,Lux (soap),product,product-comms
enwiki,TRESemmé,product,product-comms
enwiki,Procter & Gamble,competitor,market-intel
enwiki,Nestlé,competitor,market-intel
enwiki,Colgate-Palmolive,competitor,market-intel
enwiki,L'Oréal,competitor,market-intel
enwiki,Reckitt,competitor,market-intel
enwiki,Henkel,competitor,market-intel
enwiki,Kimberly-Clark,competitor,market-intel
enwiki,Kenvue,competitor,market-intel
enwiki,Danone,competitor,market-intel
enwiki,Mondelez International,competitor,market-intel
enwiki,The Coca-Cola Company,competitor,market-intel
enwiki,PepsiCo,competitor,market-intel
enwiki,Kraft Heinz,competitor,market-intel
enwiki,Beiersdorf,competitor,market-intel
enwiki,Estée Lauder Companies,competitor,market-intel
enwiki,Church & Dwight,competitor,market-intel
enwiki,Clorox,competitor,market-intel
enwiki,General Mills,competitor,market-intel
enwiki,Tide (brand),competitor,market-intel
enwiki,Pampers,competitor,market-intel
enwiki,Gillette,competitor,market-intel
enwiki,Head & Shoulders,competitor,market-intel
enwiki,Oral-B,competitor,market-intel
enwiki,Crest (toothpaste),competitor,market-intel
enwiki,Colgate (toothpaste),competitor,market-intel
enwiki,Nescafé,competitor,market-intel
enwiki,KitKat,competitor,market-intel
enwiki,Maggi,competitor,market-intel
enwiki,Nespresso,competitor,market-intel
enwiki,Oreo,competitor,market-intel
enwiki,Cadbury,competitor,market-intel
enwiki,Coca-Cola,competitor,market-intel
enwiki,Pepsi,competitor,market-intel
enwiki,Lay's,competitor,market-intel
enwiki,Gatorade,competitor,market-intel
enwiki,Nivea,competitor,market-intel
enwiki,Garnier,competitor,market-intel
enwiki,Maybelline New York,competitor,market-intel
enwiki,Dettol,competitor,market-intel
enwiki,Durex,competitor,market-intel
enwiki,Huggies,competitor,market-intel
enwiki,Kleenex,competitor,market-intel
enwiki,Neutrogena,competitor,market-intel
enwiki,Listerine,competitor,market-intel
